name_bulding,name_stop,distance
FreeDom,"«Карамышевская наб., 1», Карамышевская набережная (16052)",363.54911097
FreeDom,"«5-й автобусный парк», Звенигородское шоссе (16510)",485.72353307
FreeDom,"«5-й автобусный парк», 2-й Силикатный проезд (15862)",494.9777365
FreeDom,"«5-й автобусный парк», улица Мнёвники (15569)",526.75586617
FreeDom,"«Улица Мясищева», Филёвский бульвар (8644)",580.33800698
FreeDom,"«Ул. Мясищева», Филёвский бульвар (2376)",603.81018474
FreeDom,"«2-й Силикатный пр.», 1-й Силикатный проезд (1559)",673.18674204
FreeDom,"«Филевский бульв., 2», Филёвский бульвар (2375)",680.58083025
FreeDom,"«Новофилёвский пр.», Новофилёвский проезд (2368)",683.87527014
FreeDom,"«Ул. Демьяна Бедного», Карамышевская набережная (14523)",684.97147508
FreeDom,"«Новофилёвский пр.», Новофилёвский проезд (2377)",687.96774577
FreeDom,"«2-й Силикатный пр.», 1-й Силикатный проезд (1000873)",697.53805196
FreeDom,"«2-й Силикатный пр.», 1-й Силикатный проезд (1600)",713.71106084
FreeDom,"«Филевский бульв., 2», Филёвский бульвар (2369)",722.0911145
FreeDom,"«ул. Мневники, 4», улица Мнёвники (15969)",728.23244126
FreeDom,"«МЖК Атом», улица Мнёвники (747)",735.91177261
FreeDom,"«ул. Мневники, 4», улица Мнёвники (17124)",790.87293115
FreeDom,"«Силикатный з-д (пос.)», 1-й Силикатный проезд (16995)",804.23678584
FreeDom,"«Силикатный з-д (выс.)», 1-й Силикатный проезд (16994)",819.24037648
FreeDom,"«Силикатный з-д (к/ст)», 1-й Силикатный проезд (16996)",830.40316387
FreeDom,"«Ул. Шеногина», 1-й Силикатный проезд (1599)",866.25524297
FreeDom,"«Ул. Шеногина», 1-й Силикатный проезд (1767)",873.49350651
FreeDom,"«Поликлиника № 115», улица Мнёвники (1099)",889.87484005
FreeDom,"«Поликлиника № 115», улица Мнёвники (15403)",895.95752254
FreeDom,"«Универсам», Филёвский бульвар (2370)",911.23778605
FreeDom,"«Сквер Марш. Жукова», проспект Маршала Жукова (1724)",911.46950825
FreeDom,"«Просп. Марш. Жукова, 14», проспект Маршала Жукова (1661)",925.09230603
FreeDom,"«Сквер Марш. Жукова», проспект Маршала Жукова (1733)",950.39717594
FreeDom,"«Просп. Марш. Жукова, 14», проспект Маршала Жукова (1683)",985.16731702
Сердце столицы,"«Ул. Шеногина», 1-й Силикатный проезд (1767)",200.80657653
Сердце столицы,"«Ул. Шеногина», 1-й Силикатный проезд (1599)",222.0464946
Сердце столицы,"«1-й Магистральный пр.», 3-я Магистральная улица (1596)",507.66380617
Сердце столицы,"«Причальный пр.», Причальный проезд (1663)",518.52416687
Сердце столицы,"«Причальный пр.», Причальный проезд (8226)",533.42019562
Сердце столицы,"«1-й Магистральный пр.», 3-я Магистральная улица (1562)",546.81915618
Сердце столицы,"«Романовская школа», Шелепихинская набережная (1681)",548.02169874
Сердце столицы,"«2-й Силикатный пр.», 1-й Силикатный проезд (1559)",567.99850364
Сердце столицы,"«Романовская школа», Шелепихинская набережная (1664)",591.38466448
Сердце столицы,"«Новофилёвский пр.», Новофилёвский проезд (2368)",611.81338781
Сердце столицы,"«Ст. Пресня», 3-я Магистральная улица (1563)",622.69940954
Сердце столицы,"«4-я Магистральная ул.», 3-я Магистральная улица (1594)",623.89448368
Сердце столицы,"«Новофилёвский пр.», Новофилёвский проезд (2377)",637.0014178
Сердце столицы,"«2-й Силикатный пр.», 1-й Силикатный проезд (1600)",651.50484392
Сердце столицы,"«2-й Силикатный пр.», 1-й Силикатный проезд (1000873)",663.21432901
Сердце столицы,"«Шелепихинское ш.», Шелепихинское шоссе (1560)",664.17865181
Сердце столицы,"«Шелепихинское ш.», Шелепихинское шоссе (1598)",682.2195743
Сердце столицы,"«Мост Окружной ж.д.», 3-я Магистральная улица (1561)",723.48728301
Сердце столицы,"«Силикатный з-д (выс.)», 1-й Силикатный проезд (16994)",752.95157309
Сердце столицы,"«Силикатный з-д (пос.)», 1-й Силикатный проезд (16995)",784.3405865
Сердце столицы,"«Метро Шелепиха», Шелепихинское шоссе (1002174)",816.89464175
Сердце столицы,"«Силикатный з-д (к/ст)», 1-й Силикатный проезд (16996)",840.88204562
Сердце столицы,"«Улица Мясищева», Филёвский бульвар (8644)",883.24475473
Сердце столицы,"«Береговой пр., 4», Новофилёвский проезд (2367)",885.10357293
Сердце столицы,"«Шелепихинская наб.», Шелепихинская набережная (1682)",887.50479625
Сердце столицы,"«Береговой пр., 4», Новофилёвский проезд (2378)",898.05826761
Сердце столицы,"«Ул. Мясищева», Филёвский бульвар (2376)",920.61986454
Сердце столицы,"«Шелепихинская наб.», Шелепихинская набережная (1665)",922.20400136
Сердце столицы,"«3-я Магистральная ул.», 2-я Магистральная улица (8513)",947.80066311
Сердце столицы,"«1-я Магистральная ул., 23», 1-я Магистральная улица (8518)",955.10938473
Сердце столицы,"«Метро Шелепиха», Шелепихинское шоссе (1002175)",959.8384504
Сердце столицы,"«3-я Магистральная ул.», 2-я Магистральная улица (8514)",973.16983236
Сердце столицы,"«Береговой пр.», Береговой проезд (2366)",980.42913618
Михайловский парк,"«Поликлиника», улица Михайлова (4845)",105.33533307
Михайловский парк,"«К/т Восход», улица Михайлова (4964)",180.50085465
Михайловский парк,"«Луховицкая ул.», Луховицкая улица (1001192)",215.49192475
Михайловский парк,"«Поликлиника», улица Михайлова (4853)",223.30673953
Михайловский парк,"«Луховицкая ул.», Луховицкая улица (1001193)",250.79546469
Михайловский парк,"«Рязанский проспект, 57», Рязанский проспект (4740)",265.05915046
Михайловский парк,"«НИЦ Строительство», Рязанский проспект (4739)",298.81705222
Михайловский парк,"«Рязанский просп., 57», Рязанский проспект (4837)",304.08929536
Михайловский парк,"«НИЦ Строительство», Рязанский проспект (15188)",339.29677314
Михайловский парк,"«К/т Восход», улица Михайлова (4846)",352.05070887
Михайловский парк,"«2-я Институтская ул.», улица Михайлова (4844)",353.13074185
Михайловский парк,"«НИЦ Строительство», Рязанский проспект (4838)",399.37833017
Михайловский парк,"«2-я Институтская ул.», улица Михайлова (4854)",504.54219594
Михайловский парк,"«Ул. Михайлова», улица Михайлова (4852)",511.73961283
Михайловский парк,"«Метро Окская», Рязанский проспект (4738)",555.92760414
Михайловский парк,"«Ул. Михайлова», улица Михайлова (4847)",591.08973501
Михайловский парк,"«Платф. Плющево», Луховицкая улица (1001194)",612.56653161
Михайловский парк,"«Платф. Плющево», Луховицкая улица (1001195)",617.03810298
Михайловский парк,"«Метро Окская», Рязанский проспект (4839)",629.45035896
Михайловский парк,"«Метро Окская», Окская улица (5675)",707.27922951
Михайловский парк,"«Метро Окская», Окская улица (5953)",731.31072674
Михайловский парк,"«Яснополянская ул.», улица Михайлова (4843)",744.28466326
Михайловский парк,"«Театр Чихачева», улица Паперника (4692)",833.03776821
Михайловский парк,"«Яснополянская ул.», Яснополянская улица (4855)",856.2434904
Михайловский парк,"«Театр Чихачева», Рязанский проспект (5159)",887.27844999
Михайловский парк,"«Стахановская ул.», Рязанский проспект (4836)",895.48476422
Михайловский парк,"«Яснополянская ул., 7», Яснополянская улица (4842)",899.76288573
Михайловский парк,"«Стахановская ул.», Рязанский проспект (4741)",902.3886634
Михайловский парк,"«Окская ул.», улица Фёдора Полетаева (6072)",932.19115979
Михайловский парк,"«Театр Чихачева», Рязанский проспект (4690)",950.18157863
Михайловский парк,"«Ул. Коновалова», улица Михайлова (4848)",964.39182701
Михайловский парк,"«Окская ул.», улица Фёдора Полетаева (5676)",993.36791537
Ирландский квартал,"«ЖК Остров Эрин», проезд без названия (17935)",278.12971905
Ирландский квартал,"«ЖК Остров Эрин», проезд без названия (17934)",378.65762641
Ирландский квартал,"«Софьино», проезд без названия (1000519)",502.52608396
Ирландский квартал,"«Софьино», проезд без названия (17932)",590.28095319
Ирландский квартал,"«Дерюбрихово», проезд без названия (17937)",716.76601749
Ирландский квартал,"«Дерюбрихово», проезд без названия (17936)",811.57865556
Capital Towers (Кэпитал Тауэрс),"«Парк Красная Пресня», Краснопресненская набережная (1001502)",106.96993695
Capital Towers (Кэпитал Тауэрс),"«Парк Красная Пресня», Краснопресненская набережная (1001503)",251.51214249
Capital Towers (Кэпитал Тауэрс),"«Экспоцентр», Краснопресненская набережная (1001362)",253.3259363
Capital Towers (Кэпитал Тауэрс),"«Экспоцентр», Краснопресненская набережная (1001363)",359.92500361
Capital Towers (Кэпитал Тауэрс),"«1-й Красногвардейский пр.», 1-й Красногвардейский проезд (2963)",378.38026595
Capital Towers (Кэпитал Тауэрс),"«Метро Выставочная», 1-й Красногвардейский проезд (1009476)",494.41829216
Capital Towers (Кэпитал Тауэрс),"«Дорогомиловская Застава», Кутузовский проспект (6616)",521.07245237
Capital Towers (Кэпитал Тауэрс),"«Мантулинская ул.», Мантулинская улица (2962)",539.480636
Capital Towers (Кэпитал Тауэрс),"«Метро Выставочная», 1-й Красногвардейский проезд (13523)",555.937806
Capital Towers (Кэпитал Тауэрс),"«Мантулинская ул.», Мантулинская улица (8217)",566.95469976
Capital Towers (Кэпитал Тауэрс),"«Мост Багратион», Пресненская набережная (1000933)",567.20418794
Capital Towers (Кэпитал Тауэрс),"«Дорогомиловская Застава», Кутузовский проспект (7753)",576.06971938
Capital Towers (Кэпитал Тауэрс),"«Мантулинская ул.», улица Сергея Макеева (2974)",578.82590785
Capital Towers (Кэпитал Тауэрс),"«Мост Багратион», Пресненская набережная (1000932)",579.86161576
Capital Towers (Кэпитал Тауэрс),"«Дорогомиловская Застава», Большая Дорогомиловская улица (2265)",617.85400577
Capital Towers (Кэпитал Тауэрс),"«Дорогомиловская Застава», Большая Дорогомиловская улица (2417)",619.8435809
Capital Towers (Кэпитал Тауэрс),"«Центр международной торговли», Краснопресненская набережная (1000934)",620.71468518
Capital Towers (Кэпитал Тауэрс),"«Центр международной торговли», Краснопресненская набережная (1000935)",628.81183528
Capital Towers (Кэпитал Тауэрс),"«Кутузовский просп., 8», Кутузовский проспект (5409)",688.14283582
Capital Towers (Кэпитал Тауэрс),"«Кутузовский просп., 8», Кутузовский проспект (5400)",713.4723998
Capital Towers (Кэпитал Тауэрс),"«Красногвардейский бульв.», Шмитовский проезд (3549)",726.20560425
Capital Towers (Кэпитал Тауэрс),"«Красногвардейский бульв.», Шмитовский проезд (3555)",752.11552364
Capital Towers (Кэпитал Тауэрс),"«Ул. Можайский Вал», Большая Дорогомиловская улица (1008547)",786.72968771
Capital Towers (Кэпитал Тауэрс),"«Ул. Дунаевского», Кутузовский проспект (5355)",787.35219575
Capital Towers (Кэпитал Тауэрс),"«Центр международной торговли», Безымянный проезд (1002230)",789.31710399
Capital Towers (Кэпитал Тауэрс),"«Камушки», 2-й Красногвардейский проезд (2965)",804.54184101
Capital Towers (Кэпитал Тауэрс),"«Шмитовский пр. - Детская б-ца», Шмитовский проезд (6572)",816.82763038
Capital Towers (Кэпитал Тауэрс),"«Ул. Дунаевского», Кутузовский проспект (5351)",830.79197609
Capital Towers (Кэпитал Тауэрс),"«Центр международной торговли», улица 1905 Года (1009568)",831.97404324
Capital Towers (Кэпитал Тауэрс),"«Ул. Можайский Вал», Большая Дорогомиловская улица (2266)",837.23369724
Capital Towers (Кэпитал Тауэрс),"«Ул. Анны Северьяновой», Шмитовский проезд (2961)",841.84671797
Capital Towers (Кэпитал Тауэрс),"«Шмитовский пр. - Детская б-ца», Шмитовский проезд (6574)",848.45628679
Capital Towers (Кэпитал Тауэрс),"«Ул. Анны Северьяновой», Шмитовский проезд (2975)",873.74234893
Capital Towers (Кэпитал Тауэрс),"«Шмитовский пр.», Стрельбищенский переулок (3550)",886.78233531
Capital Towers (Кэпитал Тауэрс),"«Шмитовский пр.», Стрельбищенский переулок (3554)",905.42672419
Capital Towers (Кэпитал Тауэрс),"«Центр международной торговли», Рочдельская улица (9376)",913.85974317
Capital Towers (Кэпитал Тауэрс),"«Центр международной торговли», Рочдельская улица (8224)",916.80580875
Capital Towers (Кэпитал Тауэрс),"«Башни Око и Нева», 1-й Красногвардейский проезд (1001318)",924.35009487
Capital Towers (Кэпитал Тауэрс),"«Башни Око и Нева», 1-й Красногвардейский проезд (1001364)",965.07792628
Capital Towers (Кэпитал Тауэрс),"«Гост. Украина», Кутузовский проспект (6615)",974.39313105
Capital Towers (Кэпитал Тауэрс),"«Управа Пресненского района», улица 1905 Года (1009569)",981.37671859
Capital Towers (Кэпитал Тауэрс),"«2-й Брянский пер.», Большая Дорогомиловская улица (14331)",992.51677341
Capital Towers (Кэпитал Тауэрс),"«Пресненская набережная, 10», Пресненская набережная (1001361)",996.89075509
Нескучный Home & Spa,"«5-й Донской пр.», Канатчиковский проезд (1001269)",106.0592249
Нескучный Home & Spa,"«5-й Донской пр.», Канатчиковский проезд (1001267)",121.72417144
Нескучный Home & Spa,"«Метро Ленинский просп. (южн.)», улица Вавилова (10763)",508.82981183
Нескучный Home & Spa,"«Метро Ленинский просп. (южн.)», улица Вавилова (10761)",513.76803001
Нескучный Home & Spa,"«Метро Ленинский просп. (сев.)», улица Вавилова (7595)",547.76223919
Нескучный Home & Spa,"«Метро Ленинский просп. (сев.)», улица Вавилова (7569)",548.09372853
Нескучный Home & Spa,"«Метро Ленинский проспект», Проектируемый проезд № 4432 (1001268)",640.59910098
Нескучный Home & Spa,"«Ул. Орджоникидзе», улица Вавилова (7570)",731.62001597
Нескучный Home & Spa,"«Просп. 60-летия Октября», проспект 60-летия Октября (6113)",777.96975669
Нескучный Home & Spa,"«Просп. 60-летия Октября», улица Вавилова (7568)",778.86017924
Нескучный Home & Spa,"«Просп. 60-летия Октября», улица Вавилова (7596)",786.06639789
Нескучный Home & Spa,"«Ул. Орджоникидзе», улица Орджоникидзе (7594)",799.38021058
Нескучный Home & Spa,"«Ул. Вавилова», проспект 60-летия Октября (6112)",810.26993293
Нескучный Home & Spa,"«Просп. 60-летия Октября», проспект 60-летия Октября (6123)",829.47918024
Нескучный Home & Spa,"«Пл. Гагарина», Ленинский проспект (13525)",880.82191075
Нескучный Home & Spa,"«Просп. 60-летия Октября, 9», проспект 60-летия Октября (1003148)",905.53282716
Нескучный Home & Spa,"«Ул. Вавилова», проспект 60-летия Октября (6124)",913.06006092
Нескучный Home & Spa,"«Пл. Гагарина», Ленинский проспект (13526)",929.3390525
Нескучный Home & Spa,"«Онкологический диспансер», 4-й Загородный проезд (1001265)",950.36586101
Нескучный Home & Spa,"«Университет дружбы народов», улица Орджоникидзе (7571)",967.13141938
Нескучный Home & Spa,"«Ленинский просп., 34», Ленинский проспект (2651)",969.55900464
Нескучный Home & Spa,"«Онкологический диспансер», 4-й Загородный проезд (1001270)",970.96427967
Нескучный Home & Spa,"«Университет Дружбы народов», улица Орджоникидзе (7593)",992.14445967
Wellton Towers (Веллтон Тауэрс),"«Ул. Народного Ополчения, 9», улица Народного Ополчения (17196)",131.65176431
Wellton Towers (Веллтон Тауэрс),"«МФЦ Хорошево-Мневники», проспект Маршала Жукова (17194)",176.78624816
Wellton Towers (Веллтон Тауэрс),"«Просп. Марш. Жукова», улица Народного Ополчения (825)",207.40642779
Wellton Towers (Веллтон Тауэрс),"«Ул. Народного Ополчения», проспект Маршала Жукова (1092)",263.73909298
Wellton Towers (Веллтон Тауэрс),"«Ул. Народного Ополчения, 3», улица Народного Ополчения (1588)",313.27210081
Wellton Towers (Веллтон Тауэрс),"«Ул. Народного Ополчения, 3», улица Народного Ополчения (1573)",367.34234093
Wellton Towers (Веллтон Тауэрс),"«Бульв. Ген. Карбышева», проспект Маршала Жукова (17195)",425.90585088
Wellton Towers (Веллтон Тауэрс),"«Ул. Народного Ополчения», улица Народного Ополчения (1634)",468.44376027
Wellton Towers (Веллтон Тауэрс),"«Ул. Народного Ополчения, 21», улица Народного Ополчения (1001499)",471.96113673
Wellton Towers (Веллтон Тауэрс),"«Бульв. Ген. Карбышева», улица Саляма Адиля (1098)",476.35293528
Wellton Towers (Веллтон Тауэрс),"«Ул. Мневники, 16», улица Мнёвники (1571)",481.42093458
Wellton Towers (Веллтон Тауэрс),"«Бульв. Ген. Карбышева», проспект Маршала Жукова (1096)",482.47973399
Wellton Towers (Веллтон Тауэрс),"«Карамышевская наб.», Карамышевская набережная (749)",515.38552378
Wellton Towers (Веллтон Тауэрс),"«Шлюз № 9», Карамышевская набережная (750)",515.97275293
Wellton Towers (Веллтон Тауэрс),"«Карамышевская наб.», Карамышевская набережная (742)",530.41456096
Wellton Towers (Веллтон Тауэрс),"«Бульв. Ген. Карбышева», бульвар Генерала Карбышева (1114)",535.62571993
Wellton Towers (Веллтон Тауэрс),"«Больница № 67», улица Саляма Адиля (1002277)",566.49697289
Wellton Towers (Веллтон Тауэрс),"«Шлюз № 9», Карамышевская набережная (741)",569.8502446
Wellton Towers (Веллтон Тауэрс),"«Бульв. Ген. Карбышева», проспект Маршала Жукова (1093)",574.27788242
Wellton Towers (Веллтон Тауэрс),"«Больница № 67», улица Саляма Адиля (740)",589.13854283
Wellton Towers (Веллтон Тауэрс),"«Метро Народное Ополчение», проспект Маршала Жукова (17040)",591.80748662
Wellton Towers (Веллтон Тауэрс),"«Ул. Мневники, 16», улица Мнёвники (17123)",597.29127129
Wellton Towers (Веллтон Тауэрс),"«Карамышевская наб. (к/ст)», Карамышевская набережная (16137)",598.01590696
Wellton Towers (Веллтон Тауэрс),"«Больница № 67», Карамышевская набережная (14524)",646.23464571
Wellton Towers (Веллтон Тауэрс),"«Карамышевская наб., 10», Карамышевская набережная (748)",713.77905047
Wellton Towers (Веллтон Тауэрс),"«Метро Народное Ополчение», проспект Маршала Жукова (768)",730.08301514
Wellton Towers (Веллтон Тауэрс),"«Ул. Народного Ополчения, 27», улица Народного Ополчения (1635)",756.80995533
Wellton Towers (Веллтон Тауэрс),"«Карамышевская наб., 10», Карамышевская набережная (743)",763.11008692
Wellton Towers (Веллтон Тауэрс),"«Ул. Народного Ополчения, 27», улица Народного Ополчения (1641)",763.45655333
Wellton Towers (Веллтон Тауэрс),"«Бульв. Ген. Карбышева, 13», бульвар Генерала Карбышева (736)",803.65202517
Wellton Towers (Веллтон Тауэрс),"«Метро Народное Ополчение», проспект Маршала Жукова (1009577)",807.35810483
Wellton Towers (Веллтон Тауэрс),"«Поликлиника № 115», улица Мнёвники (16488)",824.19218678
Wellton Towers (Веллтон Тауэрс),"«Карамышевская наб., 60», Карамышевская набережная (1009400)",870.06898043
Wellton Towers (Веллтон Тауэрс),"«Ул. Нижн. Мневники - Байк-центр», улица Нижние Мнёвники (1587)",872.35751203
Wellton Towers (Веллтон Тауэрс),"«Ул. Нижн. Мневники - Байк-центр», улица Нижние Мнёвники (1574)",876.22300744
Wellton Towers (Веллтон Тауэрс),"«Ул. Ген. Глаголева», проспект Маршала Жукова (1095)",906.36034784
Wellton Towers (Веллтон Тауэрс),"«Поликлиника № 115», улица Мнёвники (1099)",950.87213489
Wellton Towers (Веллтон Тауэрс),"«Поликлиника № 115», улица Мнёвники (15403)",978.90729968
Wellton Towers (Веллтон Тауэрс),"«Ул. Демьяна Бедного», проспект Маршала Жукова (879)",987.93742104
Wellton Towers (Веллтон Тауэрс),"«Ул. Ген. Глаголева (к/ст, выс., пос.)», улица Генерала Глаголева (8615)",998.24945092
Резиденции композиторов,"«Даниловская наб.», Даниловская набережная (7428)",292.97635883
Резиденции композиторов,"«Даниловская наб.», Даниловская набережная (7426)",299.71653235
Резиденции композиторов,"«3-й Павелецкий проезд, 7», 3-й Павелецкий проезд (7015)",308.65207552
Резиденции композиторов,"«Пожарная часть», 3-й Павелецкий проезд (7427)",318.55565653
Резиденции композиторов,"«Пожарная часть», 3-й Павелецкий проезд (7016)",329.06423662
Резиденции композиторов,"«3-й Павелецкий проезд, 7», 3-й Павелецкий проезд (7030)",334.59508635
Резиденции композиторов,"«2-й Павелецкий пр.», Павелецкая набережная (7029)",428.1388934
Резиденции композиторов,"«3-й Павелецкий пр. (выс.)», 3-й Павелецкий проезд (7031)",453.97455583
Резиденции композиторов,"«3-й Павелецкий пр. (к/ст, пос.)», 3-й Павелецкий проезд (7014)",454.6552109
Резиденции композиторов,"«Зиловский бульвар», Автозаводская улица (3880)",607.10013751
Резиденции композиторов,"«Железнодорожный проезд», Даниловская набережная (7429)",630.62910239
Резиденции композиторов,"«Парк Легенд», Автозаводская улица (3763)",641.38024518
Резиденции композиторов,"«Парк Легенд», Автозаводская улица (10521)",665.13209935
Резиденции композиторов,"«Префектура ЮАО», Автозаводская улица (3762)",669.40235753
Резиденции композиторов,"«Зиловский бульвар», Автозаводская улица (3877)",669.63172878
Резиденции композиторов,"«Железнодорожный проезд», Даниловская набережная (7425)",684.87455959
Резиденции композиторов,"«Автозаводский мост», Автозаводская улица (3881)",701.1185923
Резиденции композиторов,"«Метро Автозаводская», улица Мастеркова (3761)",735.22278271
Резиденции композиторов,"«Префектура ЮАО», Автозаводская улица (10578)",739.8870668
Резиденции композиторов,"«Павелецкая наб., 2», Павелецкая набережная (7028)",747.45318112
Резиденции композиторов,"«Автозаводский мост», Автозаводская улица (4381)",751.69384461
Резиденции композиторов,"«Метро Автозаводская», улица Мастеркова (5384)",756.98404232
Резиденции композиторов,"«Метро Автозаводская», улица Мастеркова (3767)",761.52092155
Резиденции композиторов,"«Автозаводский мост», Автозаводская улица (10572)",831.522761
Резиденции композиторов,"«Метро Автозаводская», Автозаводская улица (6361)",834.72319474
Резиденции композиторов,"«З-д Динамо», улица Ленинская Слобода (3760)",843.29173252
Резиденции композиторов,"«Метро Автозаводская», Автозаводская улица (4368)",860.02814208
Резиденции композиторов,"«Павелецкая наб., 2», Павелецкая набережная (7017)",873.13552484
Резиденции композиторов,"«Автозаводский мост», Автозаводская улица (5130)",875.26435175
Резиденции композиторов,"«Ул. Даниловский Вал», Дубининская улица (6742)",876.31965598
Резиденции композиторов,"«Ул.Даниловский Вал», Дубининская улица (1000401)",883.19472744
Резиденции композиторов,"«З-д Динамо», улица Ленинская Слобода (3768)",936.89696115
Резиденции композиторов,"«Свято-Данилов монастырь», улица Даниловский Вал (6743)",952.40268264
Резиденции композиторов,"«Свято-Данилов монастырь», улица Даниловский Вал (10044)",960.79221984
Резиденции композиторов,"«Автозаводская ул.», Автозаводская улица (5129)",999.66688573
ИзМайЛовО,"«3-я Прядильная ул.», Никитинская улица (5987)",146.78934136
ИзМайЛовО,"«3-я Прядильная ул.», 3-я Прядильная улица (5993)",196.29747074
ИзМайЛовО,"«Школа», Никитинская улица (5988)",200.73974832
ИзМайЛовО,"«Школа», Никитинская улица (5992)",304.1756577
ИзМайЛовО,"«Никитинская ул.», Сиреневый бульвар (3911)",307.17659219
ИзМайЛовО,"«Верхняя Первомайская ул.», 3-я Парковая улица (5194)",356.29059237
ИзМайЛовО,"«Верхняя Первомайская ул.», 3-я Парковая улица (5195)",372.65654641
ИзМайЛовО,"«2-я Прядильная ул.», Никитинская улица (13390)",414.39553099
ИзМайЛовО,"«Пл. Викторио Кодовильи», 3-я Парковая улица (5193)",483.31140169
ИзМайЛовО,"«Измайловский пр.», Измайловский проезд (8625)",492.35623083
ИзМайЛовО,"«Щелковский пр.», Щёлковский проезд (3891)",499.60564035
ИзМайЛовО,"«Пл. Викторио Кодовильи», 3-я Парковая улица (5196)",507.62916975
ИзМайЛовО,"«3-я Парковая ул.», Измайловский бульвар (4128)",546.77530566
ИзМайЛовО,"«Никитинская ул.», Никитинская улица (5991)",559.63444589
ИзМайЛовО,"«3-я Парковая ул.», Сиреневый бульвар (3912)",565.3155279
ИзМайЛовО,"«1-я Прядильная ул.», 3-я Парковая улица (4129)",575.26684988
ИзМайЛовО,"«Школа», Сиреневый бульвар (3910)",584.70332363
ИзМайЛовО,"«3-я Парковая ул.», Измайловский бульвар (4131)",625.80127341
ИзМайЛовО,"«3-я Парковая ул., 44», 3-я Парковая улица (5192)",634.29512058
ИзМайЛовО,"«Цирковая студия», Измайловский проезд (5985)",640.97671277
ИзМайЛовО,"«1-я Прядильная ул.», 3-я Парковая улица (4148)",652.16556049
ИзМайЛовО,"«3-я Парковая ул., 44», 3-я Парковая улица (5197)",681.85490295
ИзМайЛовО,"«Измайловская пл.», Измайловская площадь (5984)",683.77798384
ИзМайЛовО,"«Верхняя Первомайская ул.», 5-я Парковая улица (5980)",726.11193813
ИзМайЛовО,"«Верхняя Первомайская ул.», 5-я Парковая улица (6000)",733.05471759
ИзМайЛовО,"«5-я Парковая ул.», Измайловский бульвар (1000507)",738.4614383
ИзМайЛовО,"«Щёлковский пр., 2», Щёлковский проезд (1009328)",766.822952
ИзМайЛовО,"«Измайловская пл.», Измайловская площадь (5996)",771.21228641
ИзМайЛовО,"«Измайловский бульв.», 5-я Парковая улица (5999)",784.7953041
ИзМайЛовО,"«Измайловский бульв.», 5-я Парковая улица (5981)",811.52976009
ИзМайЛовО,"«Первомайская ул.», 3-я Парковая улица (4147)",815.11964337
ИзМайЛовО,"«3-я Парковая ул.», Первомайская улица (3714)",823.90225916
ИзМайЛовО,"«5-я Парковая ул.», Измайловский бульвар (4132)",835.26821584
ИзМайЛовО,"«Управа района Северное Измайлово», Сиреневый бульвар (3913)",835.92411131
ИзМайЛовО,"«Измайловская пл.», Первомайская улица (11147)",839.99141425
ИзМайЛовО,"«3-я Парковая ул.», Первомайская улица (3629)",843.40517771
ИзМайЛовО,"«3-я Парковая ул.», Первомайская улица (3640)",846.71960428
ИзМайЛовО,"«Измайловская пл.», Первомайская улица (6257)",848.59111002
ИзМайЛовО,"«3-я Парковая ул.», Первомайская улица (3686)",868.98409542
ИзМайЛовО,"«Никитинская ул., 26», Никитинская улица (5990)",875.15951875
ИзМайЛовО,"«Первомайская ул.», 3-я Парковая улица (4130)",899.63152075
ИзМайЛовО,"«Управа района Северное Измайлово», Сиреневый бульвар (3890)",908.44250808
ИзМайЛовО,"«Измайловская пл.», Первомайская улица (3628)",908.50842659
ИзМайЛовО,"«Калошино», Щёлковское шоссе (4009)",913.12006019
ИзМайЛовО,"«Калошино», Щёлковское шоссе (3982)",915.88314997
ИзМайЛовО,"«1-я Парковая ул.», 1-я Парковая улица (5997)",916.59970355
ИзМайЛовО,"«Калошино», Щёлковское шоссе (3893)",952.67330662
ИзМайЛовО,"«Калошино», Щёлковское шоссе (4005)",953.63403402
ИзМайЛовО,"«Первомайская ул.», 5-я Парковая улица (8624)",993.91292105
ИзМайЛовО,"«5-я Парковая ул.», Первомайская улица (3713)",996.31918191
ИзМайЛовО,"«Сиреневый сад», Щёлковское шоссе (4008)",998.89074048
Прайм Тайм,"«Ул. Авиаконструктора Микояна, 14», улица Авиаконструктора Микояна (16495)",227.16540196
Прайм Тайм,"«3-я Песчаная ул.», улица Авиаконструктора Микояна (13312)",368.74483957
Прайм Тайм,"«3-я Песчаная ул.», 3-я Песчаная улица (11215)",490.02920174
Прайм Тайм,"«ТРЦ Авиапарк», улица Авиаконструктора Микояна (1008805)",593.48511757
Прайм Тайм,"«Пр. Березовой рощи», 4-й Ходынский проезд (14022)",682.49932416
Прайм Тайм,"«Метро Аэропорт (сев.) - Финансовый университет», Ленинградский проспект (1010)",720.49236704
Прайм Тайм,"«Метро Аэропорт (южн.)», Ленинградский проспект (11291)",725.74904863
Прайм Тайм,"«Парк героев Первой мировой войны», Новопесчаная улица (832)",729.40155054
Прайм Тайм,"«2-я Песчаная ул.», Новопесчаная улица (831)",731.22558549
Прайм Тайм,"«Ул. Лизы Чайкиной», Ленинградский проспект (1009)",758.72255831
Прайм Тайм,"«ТРЦ Авиапарк», улица Авиаконструктора Микояна (1001626)",761.55058083
Прайм Тайм,"«Пр. Березовой рощи», проезд Берёзовой Рощи (14242)",766.28844406
Прайм Тайм,"«Парк героев Первой мировой войны», Новопесчаная улица (875)",777.98654497
Прайм Тайм,"«2-я Песчаная ул.», Новопесчаная улица (876)",799.23913975
Прайм Тайм,"«МАДИ - Финансовый университет», Ленинградский проспект (387)",807.64003131
Прайм Тайм,"«Новопесчаная ул.», Новопесчаная улица (10623)",816.14317078
Прайм Тайм,"«Песчаная пл.», 3-я Песчаная улица (11207)",821.59380721
Прайм Тайм,"«Метро Аэропорт (южн.)», Ленинградский проспект (1020)",824.86231403
Прайм Тайм,"«Ул. Константина Симонова», Ленинградский проспект (1000516)",838.2582122
Прайм Тайм,"«Новопесчаная ул.», Новопесчаная улица (874)",850.46176607
Прайм Тайм,"«Ул. Лизы Чайкиной», Ленинградский проспект (1021)",868.0540278
Прайм Тайм,"«Песчаная пл.», Песчаная площадь (830)",880.35692002
Прайм Тайм,"«Ул. Сальвадора Альенде», Песчаный переулок (14272)",893.50809391
Прайм Тайм,"«Песчаная пл. (выс.)», Песчаная площадь (7396)",930.96241801
Прайм Тайм,"«Песчаная пл. (пос.)», Песчаная площадь (877)",951.66620138
Прайм Тайм,"«Новопесчаная ул., 3», Новопесчаная улица (833)",952.34827562
Прайм Тайм,"«Спортивный комплекс ЦСКА», Ленинградский проспект (1011)",964.00804609
Прайм Тайм,"«Ул. Константина Симонова», Ленинградский проспект (1019)",970.80070245
Прайм Тайм,"«Пл. Марины Расковой», Ленинградский проспект (1008)",990.50575499
Прайм Тайм,"«Международный центр научно-технической информации», улица Куусинена (1729)",991.83402762
